2017-2018 New Disbursements by Age,,,,,,
Data Source: Enterprise Data Warehouse,,,,,,
"Data as of June 30, 2019",,,,,,
,,,,,,
 ,Grants,,Loans,,Total,
Age,Disbursements,Recipients,Disbursements,Recipients,Disbursements,Recipients
,(in billions),(in thousands),(in billions),(in thousands),(in billions),(in thousands)
18 or Younger,$4.6,"1,010.2",$8.1,893.2,$12.8,"1,496.9"
19 to 24,$15.3,"3,607.0",$41.9,"3,853.3",$57.1,"5,675.6"
25 to 34,$6.0,"1,631.9",$28.1,"1,954.9",$34.0,"2,676.7"
35 to 49,$2.7,738.5,$12.0,"1,018.2",$14.6,"1,321.7"
50 to 61,$0.4,129.9,$2.4,206.1,$2.9,262.1
62 and Older,$0.1,17.4,$0.3,22.6,$0.3,31.2
